<?xml version="1.0" encoding="UTF-8"?>
<Configuration status="WARN">
    <Appenders>
        <Console name="Console" target="SYSTEM_OUT">
            <PatternLayout pattern="%d{yyyy-MM-dd HH:mm:ss.SSS} [%t] %-5level %logger{36} - %msg%n%throwable"/>
        </Console>

        <RollingFile name="File" fileName="logs/app.log"
                     filePattern="logs/app-%d{yyyy-MM-dd}-%i.log.gz">
            <PatternLayout pattern="%d{yyyy-MM-dd HH:mm:ss.SSS} [%t] %-5level %logger{36} - %msg%n%throwable"/>
            <Policies>
                <SizeBasedTriggeringPolicy size="10 MB"/>
            </Policies>
            <DefaultRolloverStrategy max="7"/>
        </RollingFile>
    </Appenders>

    <Loggers>
        <Root level="info">
            <AppenderRef ref="Console"/>
            <AppenderRef ref="File"/>
        </Root>

        <!-- 若你想要某個 package 顯示 DEBUG，下面可改 -->
        <!-- <Logger name="com.example" level="debug" additivity="false">
          <AppenderRef ref="Console"/>
          <AppenderRef ref="File"/>
        </Logger> -->
    </Loggers>
</Configuration>